epoch,time,train/box_loss,train/cls_loss,train/dfl_loss,metrics/precision(B),metrics/recall(B),metrics/mAP50(B),metrics/mAP50-95(B),val/box_loss,val/cls_loss,val/dfl_loss,lr/pg0,lr/pg1,lr/pg2
1,28.7374,2.54857,3.43153,1.91661,0.00177,0.02867,0.00057,0.0002,nan,nan,nan,0.0702439,0.00330623,0.00330623
2,47.9401,2.52622,2.27368,1.918,0.06321,0.14516,0.03318,0.0093,3.42664,178.861,3.18925,0.0401782,0.00657383,0.00657383
3,66.5507,2.52074,2.27624,1.93015,0.17097,0.02151,0.01881,0.01027,3.59042,5.22255,3.05664,0.0100464,0.00977544,0.00977544
4,85.2084,2.43597,2.13315,1.82294,0.31807,0.43728,0.30118,0.10026,2.44774,2.16897,2.05661,0.009703,0.009703,0.009703
5,104.03,2.25889,1.92724,1.76147,0.44673,0.30645,0.27313,0.08824,2.50557,2.66649,2.14728,0.009604,0.009604,0.009604
6,122.967,2.22312,1.87198,1.68843,0.36563,0.29391,0.23609,0.0875,2.65169,2.2653,2.13574,0.009505,0.009505,0.009505
7,141.87,2.19747,1.82248,1.68269,0.15988,0.16487,0.0713,0.02328,2.89982,3.06826,2.31336,0.009406,0.009406,0.009406
8,160.738,2.16983,1.82384,1.6783,0.31202,0.19713,0.1306,0.05057,2.69165,3.52569,2.11398,0.009307,0.009307,0.009307
9,179.805,2.06919,1.71888,1.60827,0.34756,0.34369,0.28581,0.12573,2.32886,2.11736,1.7964,0.009208,0.009208,0.009208
10,198.793,2.04998,1.64238,1.56724,0.54444,0.58961,0.59154,0.25561,2.02766,1.71303,1.6275,0.009109,0.009109,0.009109
11,217.766,2.08822,1.65227,1.60639,0.48865,0.5737,0.49014,0.18424,2.3429,2.03395,1.91007,0.00901,0.00901,0.00901
12,236.777,2.029,1.60715,1.57848,0.61616,0.51075,0.54936,0.262,2.03022,1.58173,1.6461,0.008911,0.008911,0.008911
13,255.733,1.97596,1.52621,1.55947,0.68985,0.58781,0.63502,0.27548,1.96384,1.49425,1.61779,0.008812,0.008812,0.008812
14,274.699,1.95121,1.50892,1.51707,0.67665,0.48566,0.54931,0.24149,2.08906,1.75428,1.69285,0.008713,0.008713,0.008713
15,293.768,1.96384,1.50589,1.53084,0.59864,0.40681,0.49131,0.20473,2.18872,1.83283,1.70649,0.008614,0.008614,0.008614
16,312.741,1.90352,1.4706,1.51292,0.76141,0.59677,0.70726,0.31064,1.94282,1.35652,1.56246,0.008515,0.008515,0.008515
17,332.055,1.89202,1.444,1.49681,0.5837,0.4767,0.49583,0.21122,2.20933,1.75494,1.72215,0.008416,0.008416,0.008416
18,365.15,1.89044,1.38462,1.49693,0.68074,0.58084,0.61966,0.26368,2.09589,1.56984,1.65894,0.008317,0.008317,0.008317
19,397.463,1.84266,1.35521,1.46104,0.64354,0.6129,0.63128,0.29348,1.90331,1.48943,1.57521,0.008218,0.008218,0.008218
20,429.894,1.86431,1.38371,1.46099,0.60198,0.56272,0.62379,0.28616,1.94715,1.45748,1.59078,0.008119,0.008119,0.008119
21,462.837,1.83359,1.33372,1.45319,0.80303,0.59182,0.71761,0.3286,1.94955,1.36375,1.57106,0.00802,0.00802,0.00802
22,496.109,1.79889,1.25286,1.43539,0.77059,0.51434,0.59326,0.25638,2.14865,1.54373,1.73263,0.007921,0.007921,0.007921
23,530.798,1.7995,1.31558,1.4501,0.69522,0.63082,0.70207,0.30251,2.01507,1.37231,1.6158,0.007822,0.007822,0.007822
24,563.97,1.74807,1.22646,1.394,0.74337,0.55544,0.65544,0.29501,1.9684,1.41748,1.56815,0.007723,0.007723,0.007723
25,596.91,1.73617,1.23768,1.39942,0.6298,0.69355,0.66062,0.3082,1.92245,1.49106,1.57226,0.007624,0.007624,0.007624
26,629.67,1.75802,1.23394,1.41888,0.74248,0.61486,0.70747,0.30888,1.96546,1.38537,1.5968,0.007525,0.007525,0.007525
27,662.266,1.71891,1.18602,1.4031,0.75513,0.58602,0.69121,0.32227,1.97092,1.38792,1.59882,0.007426,0.007426,0.007426
28,695.141,1.69877,1.18447,1.38125,0.7595,0.58065,0.67947,0.32266,1.90517,1.33096,1.54949,0.007327,0.007327,0.007327
29,729.828,1.72951,1.20714,1.40237,0.75543,0.68088,0.74681,0.3703,1.81254,1.23841,1.5192,0.007228,0.007228,0.007228
30,762.414,1.69525,1.1609,1.37516,0.73238,0.63082,0.6663,0.32688,1.89311,1.37553,1.53931,0.007129,0.007129,0.007129
31,795.24,1.67668,1.12577,1.37096,0.60053,0.49462,0.53246,0.23118,2.142,1.8062,1.74223,0.00703,0.00703,0.00703
32,828.169,1.6244,1.09915,1.34672,0.77894,0.63799,0.69699,0.32258,1.93193,1.25217,1.58888,0.006931,0.006931,0.006931
33,860.978,1.67792,1.14475,1.37469,0.71072,0.69565,0.68546,0.30919,1.94437,1.35904,1.58223,0.006832,0.006832,0.006832
34,894.105,1.64968,1.11552,1.35768,0.81234,0.66129,0.7423,0.35985,1.80864,1.29888,1.49676,0.006733,0.006733,0.006733
35,928.638,1.63057,1.09731,1.33769,0.79741,0.74769,0.79219,0.39604,1.81239,1.12697,1.49438,0.006634,0.006634,0.006634
36,961.635,1.56927,1.02057,1.30828,0.75486,0.73835,0.77852,0.38204,1.84999,1.13345,1.52597,0.006535,0.006535,0.006535
37,994.302,1.58657,1.03688,1.31397,0.78092,0.64518,0.73747,0.33543,2.026,1.24131,1.62487,0.006436,0.006436,0.006436
38,1027.17,1.57916,1.02687,1.31873,0.66131,0.6147,0.64357,0.2774,2.06666,1.4346,1.67881,0.006337,0.006337,0.006337
39,1059.95,1.57268,1.04355,1.32013,0.71232,0.56631,0.62389,0.30628,2.01145,1.49295,1.62023,0.006238,0.006238,0.006238
40,1093.04,1.55213,0.9844,1.29114,0.7713,0.68901,0.76698,0.36206,1.91668,1.19609,1.5658,0.006139,0.006139,0.006139
41,1127.51,1.56036,0.97823,1.29898,0.79578,0.76814,0.82091,0.40104,1.84073,1.08083,1.51338,0.00604,0.00604,0.00604
42,1160.29,1.54819,0.97866,1.3062,0.77452,0.671,0.75479,0.37806,1.86239,1.15389,1.53676,0.005941,0.005941,0.005941
43,1193.17,1.49383,0.93873,1.27766,0.76896,0.71864,0.76252,0.37525,1.81257,1.11989,1.48898,0.005842,0.005842,0.005842
44,1225.69,1.50589,0.93302,1.27218,0.81345,0.70968,0.76171,0.38422,1.90899,1.13384,1.54962,0.005743,0.005743,0.005743
45,1258.09,1.51783,0.95659,1.28203,0.87711,0.71147,0.80735,0.41738,1.827,1.07168,1.54305,0.005644,0.005644,0.005644
46,1291.63,1.4874,0.90807,1.2643,0.84612,0.74552,0.80273,0.4198,1.80186,1.00488,1.49707,0.005545,0.005545,0.005545
47,1325.78,1.49323,0.91704,1.26794,0.84065,0.68996,0.751,0.37013,1.96692,1.17963,1.60559,0.005446,0.005446,0.005446
48,1358.55,1.51766,0.96603,1.27731,0.83657,0.73656,0.79632,0.40426,1.85622,1.05109,1.57207,0.005347,0.005347,0.005347
49,1391.33,1.47361,0.89814,1.25719,0.7955,0.72043,0.7809,0.4015,1.85653,1.06291,1.55734,0.005248,0.005248,0.005248
50,1424.12,1.49469,0.91769,1.28044,0.85521,0.74096,0.81194,0.40441,1.86494,1.0824,1.57623,0.005149,0.005149,0.005149
51,1456.57,1.45374,0.8988,1.26202,0.82252,0.68638,0.77093,0.42171,1.73658,1.11277,1.47039,0.00505,0.00505,0.00505
52,1490.41,1.46291,0.90821,1.25133,0.83366,0.7276,0.80307,0.38413,1.87751,1.13104,1.60803,0.004951,0.004951,0.004951
53,1524.72,1.44676,0.88303,1.24529,0.80459,0.70251,0.76897,0.37789,1.91734,1.1159,1.60834,0.004852,0.004852,0.004852
54,1557.26,1.40527,0.8686,1.23032,0.76724,0.71685,0.78336,0.39858,1.87116,1.07713,1.56937,0.004753,0.004753,0.004753
55,1589.75,1.40214,0.85377,1.2241,0.82975,0.71505,0.80019,0.39625,1.84296,1.10244,1.59075,0.004654,0.004654,0.004654
56,1622.53,1.41569,0.8706,1.24479,0.8003,0.66794,0.76198,0.38203,1.89297,1.21859,1.55934,0.004555,0.004555,0.004555
57,1655.2,1.38543,0.82911,1.22187,0.86934,0.75117,0.80984,0.42677,1.81162,0.95167,1.5512,0.004456,0.004456,0.004456
58,1688.89,1.40134,0.8357,1.22259,0.73011,0.72939,0.77986,0.38173,1.92582,1.19057,1.63374,0.004357,0.004357,0.004357
59,1722.77,1.39399,0.82276,1.21267,0.8103,0.78081,0.82423,0.42163,1.80819,1.00507,1.52267,0.004258,0.004258,0.004258
60,1755.45,1.38526,0.82795,1.20799,0.85871,0.67384,0.77694,0.41657,1.76719,1.0318,1.51735,0.004159,0.004159,0.004159
61,1788.31,1.36122,0.82015,1.20865,0.82904,0.75806,0.82679,0.43372,1.79008,0.99328,1.52989,0.00406,0.00406,0.00406
62,1821.11,1.35424,0.79521,1.21157,0.80021,0.79211,0.82558,0.42657,1.80126,1.03118,1.52981,0.003961,0.003961,0.003961
63,1853.82,1.368,0.80892,1.20242,0.84356,0.72939,0.80657,0.40793,1.79964,1.07422,1.5306,0.003862,0.003862,0.003862
64,1888.56,1.34271,0.78014,1.19284,0.82399,0.73828,0.79816,0.43094,1.77348,1.01145,1.51932,0.003763,0.003763,0.003763
65,1923.85,1.29683,0.74766,1.17429,0.82335,0.79749,0.83423,0.43487,1.83737,0.97229,1.55922,0.003664,0.003664,0.003664
66,1957.5,1.32161,0.75992,1.18594,0.80502,0.75986,0.79871,0.38935,1.7835,1.0359,1.51441,0.003565,0.003565,0.003565
67,1990.87,1.3152,0.75989,1.18989,0.84723,0.75535,0.82633,0.42928,1.85424,0.97823,1.56542,0.003466,0.003466,0.003466
68,2024.75,1.32294,0.75926,1.17966,0.85924,0.75986,0.83867,0.4288,1.79679,0.96553,1.51623,0.003367,0.003367,0.003367
69,2057.54,1.30514,0.75754,1.17848,0.89074,0.73297,0.83687,0.44329,1.71442,0.9836,1.47981,0.003268,0.003268,0.003268
70,2090.02,1.27698,0.73955,1.16523,0.87875,0.74034,0.84026,0.43493,1.77792,0.99621,1.50901,0.003169,0.003169,0.003169
71,2124.44,1.27379,0.73609,1.15712,0.85716,0.75627,0.80288,0.42323,1.83581,0.99334,1.56249,0.00307,0.00307,0.00307
72,2157.25,1.26625,0.72879,1.1571,0.82917,0.78315,0.83082,0.42438,1.81486,0.96819,1.53967,0.002971,0.002971,0.002971
73,2190.11,1.25884,0.72194,1.15183,0.83635,0.76019,0.82529,0.43677,1.75354,0.97402,1.51739,0.002872,0.002872,0.002872
74,2222.86,1.21999,0.69695,1.11969,0.84822,0.75986,0.82143,0.42485,1.80232,0.99468,1.54317,0.002773,0.002773,0.002773
75,2255.76,1.23311,0.70165,1.14529,0.87013,0.77419,0.84134,0.45055,1.69455,0.91844,1.4863,0.002674,0.002674,0.002674
76,2288.89,1.23129,0.70246,1.13295,0.84587,0.80466,0.85847,0.45372,1.73229,0.92005,1.54356,0.002575,0.002575,0.002575
77,2323.28,1.23597,0.70254,1.13493,0.79974,0.75627,0.81192,0.42695,1.78974,0.99288,1.54045,0.002476,0.002476,0.002476
78,2356.01,1.21928,0.68236,1.13658,0.91707,0.75313,0.85376,0.44851,1.78501,0.91183,1.53329,0.002377,0.002377,0.002377
79,2388.57,1.18128,0.66041,1.12366,0.80886,0.78112,0.80399,0.42961,1.81323,0.95523,1.55949,0.002278,0.002278,0.002278
80,2421.02,1.1878,0.66301,1.12099,0.78767,0.77119,0.80586,0.43621,1.79737,0.9866,1.55599,0.002179,0.002179,0.002179
81,2453.36,1.16108,0.64368,1.10624,0.88542,0.7509,0.83589,0.44494,1.78832,0.96534,1.54623,0.00208,0.00208,0.00208
82,2487.45,1.18377,0.66035,1.11097,0.88491,0.78545,0.84973,0.44752,1.75829,0.91779,1.51376,0.001981,0.001981,0.001981
83,2520.87,1.15365,0.66065,1.09264,0.90166,0.78872,0.85772,0.45845,1.7398,0.90437,1.53162,0.001882,0.001882,0.001882
84,2553.53,1.14067,0.63709,1.10324,0.86366,0.76523,0.84227,0.45035,1.80563,0.91339,1.57149,0.001783,0.001783,0.001783
85,2586.23,1.14619,0.63496,1.09698,0.88441,0.79532,0.85819,0.45827,1.76644,0.88043,1.55382,0.001684,0.001684,0.001684
86,2619.1,1.14531,0.6369,1.09702,0.8198,0.79084,0.80468,0.42036,1.79836,0.94961,1.56173,0.001585,0.001585,0.001585
87,2651.6,1.1324,0.63027,1.09122,0.84209,0.76523,0.81567,0.42257,1.86266,1.00723,1.59666,0.001486,0.001486,0.001486
88,2686.09,1.11406,0.61149,1.06817,0.84412,0.79928,0.84308,0.45407,1.76356,0.89218,1.54387,0.001387,0.001387,0.001387
89,2718.78,1.09917,0.60636,1.077,0.8622,0.73477,0.8262,0.43814,1.75897,0.91046,1.55646,0.001288,0.001288,0.001288
90,2751.66,1.12218,0.62569,1.0861,0.8757,0.78495,0.85158,0.45314,1.77007,0.88698,1.57091,0.001189,0.001189,0.001189
91,2784.98,1.11633,0.61826,1.11484,0.87032,0.79211,0.84691,0.44806,1.77227,0.90562,1.56844,0.00109,0.00109,0.00109
92,2817.86,1.0686,0.57904,1.10425,0.87762,0.77957,0.83735,0.44804,1.74641,0.91336,1.55124,0.000991,0.000991,0.000991
93,2850.47,1.09699,0.59681,1.11662,0.86181,0.79352,0.84174,0.45133,1.75001,0.91293,1.5554,0.000892,0.000892,0.000892
94,2885,1.05563,0.56807,1.09339,0.86342,0.79306,0.83916,0.44835,1.77607,0.91125,1.57122,0.000793,0.000793,0.000793
95,2918.03,1.04389,0.55657,1.08592,0.84384,0.76165,0.81237,0.44317,1.78669,0.93216,1.56452,0.000694,0.000694,0.000694
96,2951.02,1.06003,0.58072,1.10141,0.86628,0.78495,0.82753,0.44893,1.75802,0.87417,1.57072,0.000595,0.000595,0.000595
97,2983.94,1.03421,0.55953,1.08691,0.83863,0.77599,0.83526,0.44491,1.78628,0.90771,1.58878,0.000496,0.000496,0.000496
98,3016.67,1.01957,0.55572,1.07413,0.88386,0.78136,0.84245,0.45507,1.74948,0.8844,1.55,0.000397,0.000397,0.000397
99,3049.46,1.02017,0.55329,1.08091,0.87904,0.78315,0.84768,0.45174,1.75389,0.87133,1.57954,0.000298,0.000298,0.000298
100,3084.06,0.98571,0.53587,1.06841,0.89994,0.77369,0.85125,0.45173,1.76047,0.88748,1.57802,0.000199,0.000199,0.000199
